City,City,Lat,Lng,Max Temp,Humidity,Cloudiness,Wind Speed,Country,Date
0,nambucca,-30.6333,152.9833,70.83,86,76,3.24,AU,1706643164
1,roscommon,53.6333,-8.1833,41.11,76,100,11.54,IE,1706643164
2,pagsangahan,13.2158,122.5431,76.5,84,92,11.68,PH,1706643165
3,san pedro pochutla,15.7333,-96.4667,87.51,45,0,8.5,MX,1706643166
4,peace river,56.2501,-117.286,44.91,61,75,26.46,CA,1706643166
5,adamstown,-25.066,-130.1015,73.98,93,100,24.76,PN,1706643167
6,jodhpur,26.2867,73.03,67.69,34,100,3.6,IN,1706643167
7,puerto natales,-51.7236,-72.4875,63.05,67,100,20.71,CL,1706643168
8,carnarvon,-24.8667,113.6333,78.22,70,30,16.35,AU,1706643169
9,bardai,11.65,7.2333,71.65,20,58,11.34,NG,1706643169
10,puerto ayora,-0.7393,-90.3518,87.76,76,80,12.26,EC,1706643170
11,anadyr,64.75,177.4833,-23.01,74,0,4.47,RU,1706643170
12,edinburgh of the seven seas,-37.0676,-12.3116,58.21,60,50,13.27,SH,1706643171
13,pechora,65.1472,57.2244,15.85,94,100,14.0,RU,1706643001
14,camocim,-2.9022,-40.8411,85.23,69,0,16.4,BR,1706643172
15,qui nhon,13.7667,109.2333,69.19,93,60,6.44,VN,1706643172
16,ancud,-41.8697,-73.8203,63.45,74,24,8.97,CL,1706643173
17,yellowknife,62.456,-114.3525,14.52,92,100,13.8,CA,1706642890
18,waitangi,-43.9535,-176.5597,63.82,97,100,5.01,NZ,1706643174
19,katsuura,35.1333,140.3,49.03,68,11,6.67,JP,1706643174
20,blackmans bay,-43.0167,147.3167,59.13,74,100,6.98,AU,1706643175
21,georgetown,5.4112,100.3354,80.53,77,20,6.91,MY,1706643175
22,mount pearl,47.5166,-52.7813,22.96,80,100,23.02,CA,1706643176
23,bredasdorp,-34.5322,20.0403,68.29,79,100,10.2,ZA,1706643176
24,ilulissat,69.2167,-51.1,-9.38,49,20,12.66,GL,1706643177
25,asau,46.4333,26.4,25.72,83,8,5.44,RO,1706643178
26,hulan ergi,47.2042,123.6333,-7.08,87,77,8.37,CN,1706643178
27,chonchi,-42.6128,-73.8092,72.61,45,38,4.7,CL,1706643179
28,margate,51.3813,1.3862,46.31,89,100,3.0,GB,1706642582
29,olonets,60.9847,32.9698,15.8,97,87,3.0,RU,1706643180
30,rawson,-43.3002,-65.1023,86.9,30,0,8.79,AR,1706642884
31,grytviken,-54.2811,-36.5092,40.59,76,21,10.29,GS,1706643181
32,paide,58.8856,25.5572,32.5,93,100,5.82,EE,1706643182
33,avarua,-21.2078,-159.775,82.45,74,40,5.75,CK,1706643183
34,kingston,17.997,-76.7936,83.35,73,20,11.5,JM,1706643021
35,tiksi,71.6872,128.8694,-18.58,99,45,4.16,RU,1706643184
36,bethel,41.3712,-73.414,36.52,66,100,1.01,US,1706642884
37,lihue,21.9789,-159.3672,74.44,82,40,0.0,US,1706643185
38,tura,25.5198,90.2201,55.83,49,0,3.76,IN,1706643032
39,ghadamis,30.1337,9.5007,54.61,42,11,9.84,LY,1706643186
40,bossangoa,6.4926,17.4552,80.02,18,12,4.12,CF,1706643186
41,port elizabeth,-33.918,25.5701,74.32,80,40,2.3,ZA,1706643187
42,abeche,13.8292,20.8324,72.57,17,0,9.69,TD,1706643187
43,sable-sur-sarthe,47.8376,-0.3329,45.99,89,96,4.92,FR,1706643188
44,verkhnevilyuysk,63.4453,120.3167,-17.01,95,100,4.43,RU,1706643188
45,fuling,29.7022,107.3919,48.09,85,100,0.98,CN,1706643190
46,ushuaia,-54.8,-68.3,60.46,51,75,10.36,AR,1706643135
47,winston,28.0317,-82.0148,69.96,47,0,6.91,US,1706643192
48,fale old settlement,-9.3852,-171.2468,85.05,70,32,5.97,TK,1706643193
49,ochobo,7.183,7.9769,85.35,19,83,3.67,NG,1706643193
50,port mathurin,-19.6833,63.4167,81.14,78,100,18.37,MU,1706643194
51,kavaratti,10.5669,72.642,81.75,68,70,8.12,IN,1706643194
52,port-aux-francais,-49.35,70.2167,39.04,73,79,32.37,TF,1706643195
53,pelabuhanratu,-6.9875,106.5514,79.18,84,97,0.85,ID,1706643196
54,torreblanca,40.2203,0.1965,55.29,89,100,1.45,ES,1706643198
55,newman,37.3138,-121.0208,65.28,81,92,1.01,US,1706643199
56,aasiaat,68.7098,-52.8699,-26.79,99,61,9.62,GL,1706643200
57,olonkinbyen,70.9221,-8.7187,23.92,89,100,16.91,SJ,1706643201
58,ceeldheer,3.8488,47.1806,77.04,77,78,17.36,SO,1706643201
59,ash shatrah,31.4117,46.1742,60.49,35,7,8.77,IQ,1706643202
60,mokhsogollokh,61.4681,128.9203,-20.78,98,100,4.52,RU,1706643202
61,pemangkat,1.1667,108.9667,75.94,94,100,6.04,ID,1706643203
62,qaqortoq,60.7167,-46.0333,-6.38,73,61,9.24,GL,1706643203
63,ola,59.5833,151.2833,-17.84,88,27,8.03,RU,1706643204
64,jamestown,42.097,-79.2353,38.79,90,100,12.66,US,1706643204
65,invercargill,-46.4,168.35,56.01,87,39,1.01,NZ,1706643119
66,kodiak,57.79,-152.4072,0.91,66,0,6.91,US,1706643205
67,abatskoye,56.2875,70.4555,-0.36,98,88,7.05,RU,1706643144
68,puerto aysen,-45.4,-72.7,58.57,93,100,5.03,CL,1706643206
69,hangu,39.2489,117.7892,24.84,75,29,6.22,CN,1706643207
70,hamilton,39.1834,-84.5333,36.09,93,100,9.22,US,1706643162
71,jalai nur,49.45,117.7,-26.84,97,18,4.79,CN,1706643208
72,pandan,14.0453,124.1694,76.75,83,94,15.03,PH,1706643208
73,petropavlovsk-kamchatsky,53.0452,158.6483,4.46,94,75,8.95,RU,1706643055
74,punta arenas,-53.15,-70.9167,60.82,82,100,11.5,CL,1706643209
75,ribeira grande,38.5167,-28.7,63.0,82,20,12.66,PT,1706643210
76,kapa'a,22.0752,-159.319,75.18,82,40,5.99,US,1706643210
77,brisas de zicatela,15.8369,-97.0419,84.72,65,0,8.05,MX,1706643211
78,bayanhongor,46.7167,100.1167,-14.62,79,1,3.51,MN,1706643211
79,kourou,5.1552,-52.6478,86.05,78,77,9.66,GF,1706643212
80,zhalantun,48.0,122.7167,-18.27,87,7,7.92,CN,1706643212
81,howard springs,-12.497,131.047,78.82,87,75,6.35,AU,1706643213
82,guercif,34.2257,-3.3536,55.17,82,0,9.55,MA,1706643213
83,atafu village,-8.5421,-172.5159,84.7,69,68,5.82,TK,1706643214
84,barclayville,4.6797,-8.2339,80.4,81,94,5.68,LR,1706643214
85,loango,-4.6719,11.8312,83.86,89,20,3.44,CG,1706643215
86,acapulco de juarez,16.8634,-99.8901,85.82,62,75,6.91,MX,1706642941
87,manta,-0.95,-80.7333,82.0,74,100,13.0,EC,1706643216
88,constantia,44.1833,28.65,27.7,77,29,10.2,RO,1706643216
89,polatli,39.5772,32.1413,28.53,68,54,7.58,TR,1706643217
90,barra de santo antonio,-9.4047,-35.5072,87.08,66,0,10.63,BR,1706643217
91,lorengau,-2.0226,147.2712,81.81,82,100,10.74,PG,1706643218
92,holyhead,53.3062,-4.6321,44.6,70,8,12.66,GB,1706643218
93,neka,36.6508,53.299,44.11,81,100,9.22,IR,1706643218
94,hobyo,5.3505,48.5268,77.63,75,73,16.13,SO,1706643219
95,ridgecrest,35.6225,-117.6709,66.65,41,20,4.61,US,1706642940
96,iqaluit,63.7506,-68.5145,-4.27,64,40,11.5,CA,1706643198
97,sisimiut,66.9395,-53.6735,-7.2,77,100,17.78,GL,1706643221
98,salalah,17.0151,54.0924,77.09,73,0,3.44,OM,1706643221
99,longyearbyen,78.2186,15.6401,22.84,68,75,11.5,SJ,1706643222
100,sukhinichi,54.0999,35.3425,25.0,96,100,4.16,RU,1706643222
101,olyokminsk,60.3736,120.4264,-38.36,100,48,2.84,RU,1706643223
102,hithadhoo,-0.6,73.0833,81.7,76,100,6.11,MV,1706643223
103,mutoko,-17.397,32.2268,67.98,65,86,3.78,ZW,1706643224
104,taraz,42.9,71.3667,30.61,80,100,4.47,KZ,1706643224
105,bilibino,68.0546,166.4372,-27.27,99,100,0.67,RU,1706643224
106,keflavik,64.0049,-22.5624,28.83,93,75,29.93,IS,1706643225
107,hermanus,-34.4187,19.2345,70.81,75,88,10.69,ZA,1706643225
108,okhotsk,59.3833,143.3,-4.16,78,100,8.28,RU,1706643227
109,as sulayyil,20.4607,45.5779,73.65,53,100,6.04,SA,1706643228
110,north bend,43.4065,-124.2243,57.25,94,100,3.44,US,1706643228
111,holualoa,19.6228,-155.9522,72.77,92,100,13.8,US,1706643229
112,arkhangel'sk,64.5401,40.5433,32.13,80,75,8.95,RU,1706643229
113,tobelo,1.7284,128.0095,79.02,85,57,2.48,ID,1706643229
114,lompoc,34.6391,-120.4579,70.79,61,0,4.0,US,1706642734
115,vadso,70.0744,29.7487,37.56,75,40,32.21,NO,1706643230
116,zouerate,22.7187,-12.4521,69.28,9,0,8.25,MR,1706643231
117,vila velha,-20.3297,-40.2925,87.75,83,20,11.5,BR,1706643232
118,dahlonega,34.5326,-83.9849,57.33,46,3,5.26,US,1706643232
119,la ronge,55.1001,-105.2842,37.65,70,75,3.44,CA,1706643233
120,soio,-6.1349,12.3689,81.18,87,100,6.55,AO,1706643233
121,alice springs,-23.7,133.8833,84.22,21,99,9.22,AU,1706643234
122,port lincoln,-34.7333,135.8667,59.61,74,3,11.1,AU,1706643235
123,santa ana,33.7456,-117.8678,80.04,37,20,4.61,US,1706643236
124,nova sintra,14.8667,-24.7167,70.21,66,0,13.53,CV,1706643236
125,college,64.8569,-147.8028,-16.65,66,75,0.0,US,1706643237
126,santa lucia cotzumalguapa,14.3333,-91.0167,93.33,29,40,7.18,GT,1706643237
127,west island,-12.1568,96.8225,80.58,74,40,5.75,CC,1706643238
128,greymouth,-42.4667,171.2,62.51,66,0,4.09,NZ,1706643238
129,kayangel,8.0823,134.7173,81.1,81,70,23.71,PW,1706643239
130,hasaki,35.7333,140.8333,36.0,65,83,3.09,JP,1706643239
131,kingstown,13.1587,-61.2248,83.48,74,40,4.61,VC,1706643240
132,scarborough,54.2797,-0.4044,39.65,87,0,3.0,GB,1706643241
133,nema,57.5067,50.5011,28.89,86,52,14.88,RU,1706643242
134,brookings,44.3114,-96.7984,41.0,75,0,5.75,US,1706643243
135,queenstown,-31.8976,26.8753,68.76,86,100,1.48,ZA,1706643243
136,kyren,51.6828,102.1408,-10.05,87,32,1.01,RU,1706643244
137,port alfred,-33.5906,26.891,72.18,89,100,1.01,ZA,1706643244
138,ulsteinvik,62.3432,5.8487,41.13,65,68,11.99,NO,1706643245
139,arenapolis,-14.4503,-56.8461,95.36,37,74,2.3,BR,1706643246
140,udachny,66.4167,112.4,-21.24,100,98,2.53,RU,1706643246
141,neryungri,56.6709,124.6491,-32.78,99,99,4.05,RU,1706643247
142,timbuktu,16.7735,-3.0074,73.6,12,0,11.34,ML,1706643247
143,nemuro,43.3236,145.575,27.5,66,95,10.4,JP,1706643248
144,dakhla,23.6848,-15.958,68.02,73,0,13.8,EH,1706643249
145,paracuru,-3.41,-39.0306,85.1,70,5,13.35,BR,1706643249
146,isangel,-19.55,169.2667,69.91,88,85,5.75,VU,1706643250
147,klyuchi,52.2667,79.1667,-0.49,94,78,6.67,RU,1706643251
148,newnham,-41.3833,147.1333,51.67,87,100,2.3,AU,1706643252
149,ketchikan,55.3422,-131.6461,48.67,87,100,13.8,US,1706643253
150,telavi,41.9198,45.4731,28.92,79,100,2.42,GE,1706643253
151,tutoia,-2.7619,-42.2744,83.82,74,10,10.09,BR,1706643254
152,faya-largeau,17.9257,19.1043,65.3,26,60,21.14,TD,1706643254
153,calchaqui,-29.8877,-60.287,91.99,37,0,3.31,AR,1706643255
154,kirkland lake,48.1446,-80.0377,28.69,86,100,6.91,CA,1706643255
155,enewetak,11.3474,162.3373,79.38,72,95,19.91,MH,1706643256
156,iskateley,67.6803,53.1512,27.01,93,96,15.01,RU,1706643257
157,srandakan,-7.9386,110.2506,77.25,86,92,3.62,ID,1706643258
158,moose jaw,50.4001,-105.5344,53.87,50,20,29.93,CA,1706643017
159,labrador city,52.9463,-66.9114,10.31,37,0,12.66,CA,1706643010
160,cabedelo,-6.9811,-34.8339,88.47,70,1,12.82,BR,1706643260
161,buka,40.8108,69.1986,36.05,78,99,4.25,UZ,1706643260
162,balnearia,-31.0088,-62.6673,99.75,20,0,11.34,AR,1706643261
163,egilsstadir,65.2653,-14.3948,31.91,74,75,6.91,IS,1706643262
164,poyang,28.9924,116.6675,54.45,95,100,2.75,CN,1706643262
165,wailua homesteads,22.0669,-159.378,73.83,82,40,5.99,US,1706643207
166,fortuna,40.5982,-124.1573,70.93,40,0,23.02,US,1706643263
167,yaren,-0.5472,166.916,84.07,69,100,14.99,NR,1706643264
168,smithers,54.7804,-127.1743,44.92,70,40,5.75,CA,1706643264
169,whitehorse,60.7161,-135.0538,36.37,80,40,12.66,CA,1706643161
170,motygino,58.1831,94.7592,-23.22,99,7,4.0,RU,1706643265
171,saint-joseph,-21.3667,55.6167,77.38,85,25,10.45,RE,1706643266
172,papao,-17.75,-149.55,85.68,84,100,6.85,PF,1706643267
173,quepos,9.4236,-84.1652,88.05,61,18,7.34,CR,1706643267
174,belmonte,-15.8631,-38.8828,82.15,75,40,11.27,BR,1706643268
175,levuka,50.1834,-105.4011,53.33,54,20,29.93,CA,1706643269
176,ta`u,-14.2336,-169.5144,83.82,77,92,7.52,AS,1706643269
177,thenzawl,23.3167,92.75,47.8,56,100,3.0,IN,1706643270
178,tazovsky,67.4667,78.7,-3.08,93,98,15.55,RU,1706643270
179,navrongo,10.8956,-1.0921,83.46,15,75,7.63,GH,1706643271
180,happy valley-goose bay,53.3168,-60.3315,8.91,36,20,18.41,CA,1706643271
181,haiku-pauwela,20.9219,-156.3051,77.16,83,40,14.97,US,1706643272
182,tupa,-21.9347,-50.5136,93.99,22,98,13.27,BR,1706643272
183,cockburn town,21.4612,-71.1419,74.5,58,3,14.23,TC,1706643273
184,albany,42.6001,-73.9662,33.51,79,100,1.01,US,1706643273
185,tangalle,6.024,80.7911,75.78,91,13,5.44,LK,1706643274
186,margaret river,-33.95,115.0667,58.15,87,3,9.19,AU,1706643274
187,lethbridge,49.7,-112.8186,58.17,58,75,23.02,CA,1706643004
188,chiredzi,-21.05,31.6667,76.06,46,7,8.77,ZW,1706643275
189,dudinka,69.4058,86.1778,1.67,85,92,21.99,RU,1706643276
190,inarajan village,13.2736,144.7484,78.94,76,45,23.62,GU,1706643276
191,acarau,-2.8856,-40.12,84.76,69,0,16.84,BR,1706643277
192,remire-montjoly,4.9167,-52.2667,86.04,74,75,12.66,GF,1706643277
193,sidhi,24.4167,81.8833,58.82,50,100,3.27,IN,1706643278
194,olinda,-8.0089,-34.8553,85.73,70,20,10.36,BR,1706643278
195,angel r. cabada,18.5833,-95.4333,72.23,65,79,8.57,MX,1706643279
196,kirakira,-10.4544,161.9205,79.57,87,100,12.12,SB,1706643279
197,kaffrine,14.1059,-15.5508,84.31,10,100,7.4,SN,1706643280
198,evergreen,39.6333,-105.3172,56.68,26,1,4.0,US,1706643280
199,praia da vitoria,38.7333,-27.0667,61.05,88,40,11.21,PT,1706643281
200,san patricio,28.017,-97.5169,71.46,41,100,3.85,US,1706643281
201,mejit,10.2753,170.8646,79.38,78,100,23.85,MH,1706643282
202,fish town,5.1964,-7.8756,78.53,79,51,6.35,LR,1706643282
203,isafjordur,66.0755,-23.124,26.02,79,100,11.77,IS,1706643283
204,nha trang,12.25,109.1833,75.2,93,91,5.82,VN,1706643283
205,anse la raye,13.9333,-61.0333,83.89,72,20,10.36,LC,1706643284
206,tougue,11.4667,-11.6,76.24,15,99,3.33,GN,1706643284
207,songjianghe,42.1859,127.479,19.67,94,100,6.26,CN,1706643075
208,talas,38.6908,35.5538,29.07,64,0,13.8,TR,1706643285
209,sao paulo de olivenca,-3.3783,-68.8725,89.08,66,100,2.77,BR,1706643286
210,namie,37.4833,141.0,38.97,71,8,5.06,JP,1706643287
211,barra,-11.0894,-43.1417,85.17,58,58,4.36,BR,1706643287
212,usogorsk,63.4106,48.6872,26.67,89,93,7.99,RU,1706643288
213,port saint john's,-31.6229,29.5448,73.71,91,99,1.1,ZA,1706643289
214,palu,-0.8917,119.8707,76.05,96,79,1.9,ID,1706643289
215,aras-asan,8.8908,126.3033,78.04,89,100,9.95,PH,1706643290
216,puerto baquerizo moreno,-0.9,-89.6,79.79,89,75,9.22,EC,1706643290
217,cidreira,-30.1811,-50.2056,77.86,62,0,13.24,BR,1706643291
218,eldorado,-23.7869,-54.2836,96.71,23,1,8.88,BR,1706643292
219,new norfolk,-42.7826,147.0587,60.3,77,100,3.44,AU,1706643292
220,borgarnes,64.5383,-21.9206,28.45,66,100,21.18,IS,1706643293
221,ouadda,8.0777,22.4007,72.43,25,100,5.44,CF,1706643293
222,zaragoza,41.6561,-0.8773,55.02,77,100,4.61,ES,1706643113
223,papatowai,-46.5619,169.4708,57.7,73,71,7.16,NZ,1706643294
224,axim,4.8699,-2.2405,80.58,80,9,8.48,GH,1706643295
225,vilyuchinsk,52.9306,158.4028,5.94,78,97,8.12,RU,1706643295
226,misratah,32.3754,15.0925,58.51,49,61,19.08,LY,1706643296
227,uturoa,-16.7333,-151.4333,83.53,75,100,7.2,PF,1706643296
228,plettenberg bay,-34.0527,23.3716,68.11,89,100,4.92,ZA,1706643297
229,tupiza,-21.45,-65.7167,69.8,42,90,16.17,BO,1706643297
230,norman,35.2226,-97.4395,65.91,45,0,10.36,US,1706642656
231,emerald,-23.5333,148.1667,76.33,95,100,5.99,AU,1706643298
232,semnan,35.5729,53.3971,38.25,61,95,5.57,IR,1706643299
233,akureyri,65.6835,-18.0878,28.33,80,75,4.61,IS,1706643299
234,hue,16.4667,107.6,69.91,88,75,1.14,VN,1706643163
235,calvinia,-31.4707,19.776,76.26,33,91,6.29,ZA,1706643300
236,catio,11.2833,-15.25,75.99,68,100,7.11,GW,1706643301
237,arraial do cabo,-22.9661,-42.0278,82.36,78,75,11.5,BR,1706643301
238,stanley,54.868,-1.6985,39.52,84,20,8.05,GB,1706643302
239,sur,22.5667,59.5289,74.17,72,93,4.9,OM,1706643303
240,mogocha,53.7333,119.7667,-11.81,97,100,3.18,RU,1706643303
241,high rock,26.6208,-78.2833,69.82,57,100,4.27,BS,1706643304
242,pisco,-13.7,-76.2167,82.02,65,0,8.05,PE,1706643305
243,armacao de buzios,-22.7469,-41.8817,86.05,87,100,8.01,BR,1706643221
244,badger,64.8,-147.5333,-16.73,70,75,0.0,US,1706643306
245,laguna,38.421,-121.4238,71.31,73,0,5.75,US,1706643307
246,vorgashor,67.5833,63.95,8.13,95,100,11.03,RU,1706643307
247,carutapera,-1.195,-46.02,84.49,70,86,6.98,BR,1706643308
248,naini tal,29.3974,79.4469,32.59,57,0,4.47,IN,1706643308
249,mae hong son,19.3003,97.9685,61.36,92,7,1.14,TH,1706643309
250,sambava,-14.2667,50.1667,78.33,87,99,12.1,MG,1706643310
251,aykhal,66.0,111.5,-13.49,100,99,3.53,RU,1706643310
252,morbi,22.8167,70.8333,69.94,70,72,9.82,IN,1706643311
253,miles city,46.4083,-105.8406,45.57,65,0,6.91,US,1706643312
254,penzance,50.1186,-5.5371,39.88,62,99,4.27,GB,1706643229
255,eregli,37.5133,34.0467,31.98,70,71,3.27,TR,1706643313
256,bodo,67.28,14.405,42.84,65,75,34.52,NO,1706643314
257,berdigestyakh,62.0989,126.6992,-17.12,98,100,5.21,RU,1706643314
258,sbiba,35.5433,9.0737,48.7,68,10,4.63,TN,1706643315
259,bingerville,5.3584,-3.8869,83.34,79,10,10.36,CI,1706643315
260,val-d'or,48.1002,-77.7828,26.69,86,100,14.97,CA,1706643203
261,saldanha,-33.0117,17.9442,65.12,88,30,12.93,ZA,1706643316
262,fort-shevchenko,44.5086,50.263,31.75,63,100,17.2,KZ,1706643317
263,letlhakeng,-24.0944,25.0298,77.7,49,100,4.16,BW,1706643317
264,pinotepa nacional,16.3167,-98.0167,89.04,37,71,9.82,MX,1706643120
265,codrington,-38.2667,141.9667,56.25,81,2,7.36,AU,1706643319
266,taltal,-25.4,-70.4833,73.8,69,23,8.61,CL,1706643319
267,prades,42.5833,2.1667,43.07,48,94,2.04,FR,1706643320
268,qarauyl,48.9451,79.255,11.23,82,100,8.55,KZ,1706643320
269,nishon tumani,38.694,65.6751,35.85,93,40,4.61,UZ,1706643321
270,kenai,60.5544,-151.2583,-1.86,85,20,4.61,US,1706643322
271,gudari,19.35,83.7833,64.56,80,31,0.34,IN,1706643322
272,okondja,-0.6549,13.6753,79.88,63,100,2.28,GA,1706643323
273,yenisehir,40.2644,29.6531,33.85,93,40,2.3,TR,1706643323
274,knyaze-volkonskoye,48.4642,135.4567,-12.66,97,97,4.16,RU,1706643324
275,ad dabbah,18.05,30.95,62.85,25,42,11.65,SD,1706643325
276,saurimo,-9.6608,20.3916,66.76,96,100,3.85,AO,1706643325
277,basco,20.4487,121.9702,75.15,73,28,21.36,PH,1706643326
278,yuzhno-kurilsk,44.0306,145.8556,28.38,71,49,11.25,RU,1706643326
279,saint-francois,46.4154,3.9054,46.65,88,0,2.3,FR,1706643327
280,revda,56.801,59.9303,18.37,94,100,8.39,RU,1706643327
281,merizo village,13.2658,144.6691,78.53,76,45,23.67,GU,1706643328
282,mana,5.6592,-53.7767,82.85,71,28,10.38,GF,1706643328
283,thompson,55.7435,-97.8558,37.56,81,75,3.44,CA,1706643329
284,alofi,-19.0595,-169.9187,82.11,87,98,15.01,NU,1706643329
285,kharkhorin,47.1975,102.8238,-14.96,96,15,3.62,MN,1706643330
286,argo,37.6333,22.7333,38.52,94,95,5.95,GR,1706643330
287,hawaiian paradise park,19.5933,-154.9731,82.9,69,0,1.01,US,1706643331
288,katsuren-haebaru,26.3369,127.8719,70.18,75,100,5.75,JP,1706643331
289,marquelia,16.5833,-98.8167,83.32,65,100,8.46,MX,1706643332
290,manay,7.215,126.5397,76.6,96,100,6.98,PH,1706643332
291,sechura,-5.5569,-80.8222,83.61,64,89,16.26,PE,1706643333
292,hami,42.8,93.45,23.32,54,100,1.45,CN,1706643334
293,grand-lahou,5.1367,-5.0242,81.14,83,2,10.63,CI,1706643334
294,marapanim,-0.7175,-47.6997,82.29,74,98,6.93,BR,1706643335
295,gadzhiyevo,69.2551,33.3362,37.74,75,87,31.25,RU,1706643335
296,arni,12.6667,79.2833,69.89,88,15,3.65,IN,1706643336
297,bakhmach,51.1808,32.7569,26.89,87,100,6.11,UA,1706643336
298,cuyamel,15.6667,-88.2,77.02,71,100,0.47,HN,1706643337
299,oamaru,-45.0784,170.9801,58.37,89,13,15.12,NZ,1706643337
300,kongolo,-5.3833,27.0,69.71,95,100,0.94,CD,1706643338
301,selfoss,63.9331,-20.9971,26.04,73,100,24.05,IS,1706643338
302,chilliwack,49.1747,-121.9443,56.79,87,100,3.44,CA,1706643339
303,al qitena,14.8648,32.3668,69.51,15,1,13.24,SD,1706643339
304,ust-nera,64.5667,143.2,-32.66,100,100,3.29,RU,1706643340
305,harper,4.375,-7.7169,81.59,79,58,8.12,LR,1706643340
306,akrehamn,59.2667,5.1833,37.99,93,75,4.61,NO,1706643341
307,mil'kovo,55.6078,37.7956,32.59,94,100,3.38,RU,1706643341
308,conde,-7.2597,-34.9075,87.26,62,40,12.66,BR,1706643342
309,nieuw amsterdam,5.8833,-55.0833,87.96,70,40,9.22,SR,1706643342
310,cabo san lucas,22.8909,-109.9124,86.31,52,75,13.8,MX,1706643343
311,cooper's town,26.8667,-77.5167,67.44,54,96,5.66,BS,1706643343
312,palm beach,26.6503,-80.4498,74.01,54,23,5.46,US,1706643137
313,geraldton,-28.7667,114.6,72.01,73,0,10.36,AU,1706643344
314,colonia,50.9333,6.95,50.58,75,100,11.5,DE,1706643247
315,bugul'ma,54.55,52.8,22.93,97,94,17.72,RU,1706643345
316,filingue,14.3521,3.3168,76.15,14,58,10.22,NE,1706643346
317,mpika,-11.8343,31.4529,62.29,92,29,2.21,ZM,1706643346
318,belyy yar,53.6039,91.3903,-16.71,91,99,2.24,RU,1706643347
319,lensk,60.7253,114.9278,-27.8,99,34,4.38,RU,1706643288
320,cam ranh,11.9214,109.1591,75.16,78,20,4.61,VN,1706643348
321,kailua-kona,19.6406,-155.9956,76.5,92,100,13.8,US,1706643319
322,castelli,-25.9468,-60.6195,105.26,17,0,5.23,AR,1706643348
323,sanluri,39.5611,8.8994,51.96,90,34,2.59,IT,1706643349
324,mwinilunga,-11.7358,24.4293,65.71,84,53,2.75,ZM,1706643349
325,schuyler,42.4167,-76.883,36.79,90,100,3.0,US,1706643350
326,nevada,39.2502,-116.7512,49.84,39,0,3.85,US,1706643350
327,sitka,57.0531,-135.33,37.29,81,100,9.22,US,1706643202
328,yendi,9.4427,-0.0099,89.31,14,100,5.12,GH,1706643351
329,enriquillo,17.9,-71.2333,87.48,71,36,6.46,DO,1706643351
330,goundi,9.3627,17.366,81.68,14,0,5.19,TD,1706643352
331,teknaf,20.8624,92.3058,60.6,56,47,5.95,BD,1706643352
332,tongchuanshi,35.0806,109.0897,33.84,75,74,2.84,CN,1706643353
333,alpena,45.0617,-83.4327,37.11,97,100,3.44,US,1706643353
334,port isabel,26.0734,-97.2086,73.08,65,0,8.99,US,1706643300
335,bata,1.8639,9.7658,81.5,83,22,6.82,GQ,1706643354
336,hammerfest,70.6634,23.6821,43.25,65,40,35.68,NO,1706643355
337,claveria,18.6074,121.0832,69.87,86,4,12.55,PH,1706643355
338,thunder bay,48.4001,-89.3168,35.58,75,100,9.22,CA,1706643056
339,nabire,-3.3667,135.4833,76.64,92,86,2.46,ID,1706643356
340,basoko,1.2391,23.616,82.44,45,99,2.55,CD,1706643357
341,bikenibeu village,1.3673,173.1241,82.36,78,75,8.05,KI,1706643358
342,kuta,-8.7233,115.1723,80.55,83,40,1.14,ID,1706643358
343,sarangani,5.4033,125.4636,81.12,77,100,7.2,PH,1706643359
344,pangody,65.85,74.4859,-4.4,95,39,15.73,RU,1706643359
345,luanco,43.6152,-5.7934,58.46,89,97,6.08,ES,1706643360
346,atamyrat,37.8357,65.2106,41.0,61,46,7.61,TM,1706643360
347,portland,45.5234,-122.6762,57.96,79,100,8.05,US,1706642990
348,christchurch,-43.5333,172.6333,63.32,82,57,5.75,NZ,1706643361
349,guelmim,28.987,-10.0574,75.54,9,100,13.8,MA,1706643362
350,mount gambier,-37.8333,140.7667,52.11,91,9,3.98,AU,1706643362
351,kedrovyy,56.1667,91.8167,-21.14,100,76,3.09,RU,1706643363
352,sokcho,38.2083,128.5911,30.81,74,93,5.75,KR,1706643363
353,ghormach,35.7306,63.7826,37.63,84,93,9.82,AF,1706643364
354,palasa,18.7667,84.4167,67.15,80,6,3.56,IN,1706643364
355,naze,28.3667,129.4833,65.32,80,99,19.44,JP,1706643365
356,hovd,48.0056,91.6419,-7.94,95,88,0.49,MN,1706643365
357,leticia,-4.2153,-69.9406,80.65,100,40,3.44,CO,1706643366
358,zeya,53.75,127.2667,-22.52,99,58,1.88,RU,1706643366
359,horta,38.5333,-28.6333,62.24,83,20,12.66,PT,1706643367
360,trairi,-3.2778,-39.2689,84.6,69,4,12.57,BR,1706643165
361,lazaro cardenas,17.9583,-102.2,84.11,59,100,8.88,MX,1706643368
362,kaiapoi,-43.3783,172.6401,66.07,80,35,5.75,NZ,1706643368
363,baruun-urt,46.6806,113.2792,-28.91,98,19,4.9,MN,1706643369
364,mersing,2.4312,103.8405,78.71,83,20,8.05,MY,1706643369
365,polyarnyy,69.1989,33.4478,38.01,76,89,29.39,RU,1706643370
366,hilo,19.7297,-155.09,83.12,62,0,1.99,US,1706643370
367,kapuskasing,49.4169,-82.4331,33.89,86,100,11.5,CA,1706643123
368,khandyga,62.6667,135.6,-44.28,100,99,2.1,RU,1706643372
369,saipan,15.1355,145.701,77.7,61,75,14.97,MP,1706643372
370,bamboo flat,11.7,92.7167,78.89,89,20,0.0,IN,1706643373
371,omdurman,15.6445,32.4777,69.94,14,0,15.7,SD,1706643373
372,mossel bay,-34.1831,22.146,69.73,88,100,13.4,ZA,1706643374
373,luanda,-8.8368,13.2343,82.4,85,40,5.75,AO,1706643374
374,weno,7.4515,151.8468,80.55,74,100,9.22,FM,1706643375
375,tanushimarumachi-toyoki,33.35,130.6833,46.22,71,100,2.98,JP,1706643375
376,la tuque,47.4334,-72.7824,19.65,49,100,6.91,CA,1706643376
377,swakopmund,-22.6833,14.5333,72.45,83,5,5.99,NA,1706643376
378,eydhafushi,5.1033,73.0708,81.93,75,92,12.93,MV,1706643377
379,maracaibo,10.6317,-71.6406,89.02,51,7,7.74,VE,1706643377
380,limavady,55.0504,-6.9507,42.57,81,0,13.8,GB,1706643378
381,penaranda de bracamonte,40.9011,-5.2003,52.34,64,48,5.55,ES,1706643379
382,murghob,38.1702,73.9667,4.03,50,12,6.78,TJ,1706643379
383,kone,-21.0595,164.8658,78.4,78,93,1.52,NC,1706643380
384,balaipungut,1.05,101.2833,74.01,94,100,2.04,ID,1706643380
385,kerikeri,-35.2268,173.9474,67.91,90,9,1.99,NZ,1706643381
386,fort mcmurray,56.7268,-111.381,44.19,87,100,10.36,CA,1706643381
387,urengoy,65.9667,78.3667,-4.68,95,67,13.22,RU,1706643382
388,kazanskaya,45.4106,40.4361,29.32,68,20,1.7,RU,1706643383
389,tumayr,25.7039,45.868,61.75,30,30,8.63,SA,1706643383
390,port moresby,-9.4431,147.1797,78.22,94,20,5.75,PG,1706643384
391,san antonio de pale,-1.4014,5.6325,82.51,77,92,3.27,GQ,1706643384
392,pirane,-25.7324,-59.1088,101.68,19,0,7.92,AR,1706643385
393,chitapur,17.1167,77.0833,73.89,38,27,3.18,IN,1706643385
394,kenora,49.8167,-94.4337,32.97,93,100,13.8,CA,1706643190
395,bengkulu,-3.8004,102.2655,76.19,90,99,3.24,ID,1706643387
396,tadine,-21.55,167.8833,76.75,71,14,7.85,NC,1706643387
397,aligudarz,33.4006,49.6949,29.68,88,96,1.77,IR,1706643388
398,dosso,13.049,3.1937,76.62,17,55,10.69,NE,1706643388
399,quellon,-43.1167,-73.6167,65.62,60,77,6.71,CL,1706643389
400,dunedin,-45.8742,170.5036,57.79,89,65,5.99,NZ,1706643390
401,afaahiti,-17.75,-149.2833,84.07,82,86,6.96,PF,1706643390
402,nicoya,10.1483,-85.452,94.14,30,18,18.25,CR,1706643391
403,valdivia,-39.8142,-73.2459,80.69,41,0,8.23,CL,1706643391
404,bel ombre,-4.6167,55.4167,82.24,78,20,2.3,SC,1706643392
405,murmashi,68.8154,32.8115,39.61,74,0,13.42,RU,1706643393
406,loudeac,48.1783,-2.7543,44.19,84,100,4.27,FR,1706643393
407,padangsidempuan,1.3667,99.2667,71.6,97,100,3.29,ID,1706643394
408,utrik,11.2278,169.8474,78.89,74,100,20.98,MH,1706643394
409,campofelice di roccella,37.9902,13.8854,48.15,70,0,7.0,IT,1706643395
410,palenque,17.5167,-91.9667,73.56,68,100,0.0,MX,1706643395
411,pacific grove,36.6177,-121.9166,66.38,85,0,11.01,US,1706643396
412,la passe,45.5549,-0.8967,52.03,89,38,4.72,FR,1706643396
413,yigo village,13.5361,144.8886,77.29,72,20,21.85,GU,1706643397
414,moissala,8.3404,17.7663,81.48,16,0,5.14,TD,1706643397
415,acajutla,13.5928,-89.8275,87.21,44,100,6.17,SV,1706643398
416,ponta delgada,37.7333,-25.6667,61.52,82,20,9.22,PT,1706643398
417,barcelos,41.5388,-8.6151,61.92,78,99,4.03,PT,1706643175
418,gueret,46.1667,1.8667,43.95,95,69,1.86,FR,1706643400
419,indre arna,60.4247,5.4764,33.66,75,6,4.07,NO,1706643400
420,junction city,39.0286,-96.8314,58.39,55,0,6.91,US,1706643137
421,freetown,8.484,-13.2299,83.91,70,3,12.66,SL,1706643401
422,mar del plata,-38.0023,-57.5575,81.95,78,40,16.11,AR,1706643194
423,ca mau,9.1769,105.15,74.19,89,91,5.82,VN,1706643402
424,san luis de la loma,17.2706,-100.8939,84.97,59,100,10.13,MX,1706643403
425,inari,68.906,27.0288,37.6,79,86,21.41,FI,1706643403
426,ghat,24.9647,10.1728,55.08,35,0,8.37,LY,1706643404
427,shakiso,5.75,38.9167,64.62,59,72,4.45,ET,1706643404
428,turtas,58.9417,69.1325,4.71,96,100,6.73,RU,1706643405
429,el bayadh,33.6832,1.0193,50.79,46,100,4.97,DZ,1706643405
430,mocimboa,-11.3167,40.35,75.45,92,100,3.89,MZ,1706643406
431,rio grande,-32.035,-52.0986,84.31,62,10,15.66,BR,1706643117
432,gizo,-8.103,156.8419,80.02,78,100,4.38,SB,1706643407
433,ponnani,10.767,75.9252,76.32,77,40,3.4,IN,1706643407
434,aqsay,51.1678,52.995,20.98,96,95,10.54,KZ,1706643408
435,hadibu,12.65,54.0333,76.46,77,96,9.78,YE,1706643409
436,severo-yeniseyskiy,60.3725,93.0408,-20.42,94,21,4.0,RU,1706643409
437,zaozersk,69.4005,32.4476,37.47,76,78,32.53,RU,1706643409
438,juan griego,11.0817,-63.9655,98.73,41,98,16.11,VE,1706643410
439,bloemfontein,-29.1211,26.214,76.48,44,100,5.75,ZA,1706643410
440,auki,-8.7676,160.7034,77.09,93,100,13.33,SB,1706643411
441,peterborough,52.5736,-0.2478,42.98,93,49,8.05,GB,1706643411
442,laojunmiao,39.8333,97.7333,19.85,41,100,7.7,CN,1706643412
443,necochea,-38.5473,-58.7368,80.13,59,6,13.0,AR,1706643413
444,lebu,-37.6167,-73.65,64.81,64,0,15.73,CL,1706643413
445,andergrove,-21.0833,149.1833,77.65,85,100,4.63,AU,1706643413
446,sucre,-19.0333,-65.2627,66.42,54,89,12.91,BO,1706643414
447,santiago de cao,-7.9589,-79.2392,77.13,78,0,12.66,PE,1706643414
448,nueva esperanza,15.2667,-87.6,67.62,91,100,2.51,HN,1706643415
449,sarkand,45.41,79.9186,22.86,84,99,4.14,KZ,1706643415
450,chauk,20.8833,94.8167,64.9,53,29,3.09,MM,1706643416
451,al quwayrah,29.8004,35.3116,48.2,57,1,3.89,JO,1706643417
452,taranto,40.6167,17.25,44.89,60,0,3.44,IT,1706643417
453,nyrob,60.733,56.7202,27.12,95,100,6.98,RU,1706643418
454,bulawayo,-20.15,28.5833,67.48,57,0,7.96,ZW,1706643418
455,rikaze,29.25,88.8833,25.86,41,3,4.85,CN,1706643419
456,cherepanovo,54.2222,83.381,-9.27,100,89,4.72,RU,1706643419
457,surgeres,46.1,-0.75,51.73,91,96,4.45,FR,1706643420
458,houghton,47.1219,-88.569,35.11,94,100,9.22,US,1706643305
459,qamdo,31.1667,97.2333,12.22,49,99,4.63,CN,1706643421
460,sofo-birnin-gwari,11.0154,6.7804,77.7,18,65,12.64,NG,1706643422
461,manokwari,-0.8667,134.0833,79.86,80,100,0.87,ID,1706643422
462,karratha,-20.7377,116.8463,79.7,76,72,7.65,AU,1706643423
463,clodomira,-27.5744,-64.1311,107.2,14,0,7.65,AR,1706643423
464,kolonia town,6.964,158.206,80.6,78,40,6.91,FM,1706643424
465,port hedland,-20.3167,118.5667,80.65,83,75,6.91,AU,1706643425
466,darwin,-12.4611,130.8418,78.89,93,90,5.75,AU,1706643241
467,lincoln city,44.9582,-124.0179,59.36,88,100,11.01,US,1706643426
468,ulladulla,-35.35,150.4667,71.76,91,98,7.54,AU,1706643426
469,susuman,62.7833,148.1667,-36.45,100,95,0.87,RU,1706643427
470,shumikha,55.2261,63.2961,6.1,96,100,10.27,RU,1706643428
471,novoagansk,61.9449,76.6625,-11.07,99,46,8.52,RU,1706643428
472,khovd,48.0056,91.6419,-7.94,95,88,0.49,MN,1706643429
473,nuku'alofa,-21.1333,-175.2,80.94,94,75,4.61,TO,1706643430
474,khao yoi,13.2403,99.8243,73.8,75,11,5.17,TH,1706643430
475,port augusta,-32.5,137.7667,61.27,64,0,18.77,AU,1706643431
476,tofol,5.3248,163.0078,81.9,76,100,17.49,FM,1706643431
477,st. john's,47.5649,-52.7093,23.79,79,100,23.02,CA,1706643355
478,tabuk,17.4189,121.4443,64.47,90,4,4.36,PH,1706643432
479,bagayevskaya,47.32,40.38,29.16,89,99,7.85,RU,1706643433
480,floro,61.5996,5.0328,37.36,75,75,13.8,NO,1706643433
481,san javier,37.8063,-0.8374,59.99,77,100,8.01,ES,1706643434
482,talcahuano,-36.7167,-73.1167,78.48,44,0,14.97,CL,1706643435
483,sihanoukville,10.6093,103.5296,78.75,83,40,10.36,KH,1706643435
484,al qadarif,14.0349,35.3834,75.78,18,50,11.92,SD,1706643436
485,trashi yangtse,27.6116,91.498,38.93,97,81,1.28,BT,1706643436
486,antsiranana,-12.2787,49.2917,76.06,90,25,5.46,MG,1706643437
487,rawai,7.7797,98.3253,78.91,76,40,18.63,TH,1706643437
488,salinopolis,-0.6136,-47.3561,81.75,76,98,8.97,BR,1706643396
489,monte alegre,-2.0078,-54.0692,87.87,59,69,5.37,BR,1706643438
490,saimbeyli,37.9863,36.0906,33.04,74,100,6.29,TR,1706643439
491,zhanaozen,43.3,52.8,24.19,56,100,8.66,KZ,1706643439
492,sittwe,20.15,92.9,62.87,62,11,6.53,MM,1706643440
493,sant lluis,39.8526,4.2594,54.0,82,40,4.61,ES,1706643440
494,key west,24.5557,-81.7826,68.0,62,20,8.05,US,1706643441
495,crane,31.3974,-102.3501,64.94,29,53,6.15,US,1706643441
496,errachidia,31.9275,-4.4285,60.85,20,0,4.61,MA,1706643442
497,kavieng,-2.5744,150.7967,82.87,77,100,9.15,PG,1706643442
498,san pedro del parana,-26.8333,-56.2,94.32,29,0,7.67,PY,1706643444
499,cameron,26.117,-97.5169,73.11,50,0,6.91,US,1706643444
500,tralee,52.2704,-9.7026,41.47,82,100,7.49,IE,1706643445
501,dompu,-8.5356,118.4622,74.5,91,100,0.69,ID,1706643445
502,aberglasslyn,-32.7,151.5333,75.56,91,39,0.6,AU,1706643446
503,ain sefra,32.75,-0.5833,51.35,41,100,3.56,DZ,1706643446
504,mekhe,15.1097,-16.6218,72.88,34,45,11.41,SN,1706643447
505,amga,60.8953,131.9608,-29.07,98,100,1.28,RU,1706643448
506,jacmel,18.2342,-72.5347,84.04,70,33,5.5,HT,1706643448
507,talnakh,69.4865,88.3972,-0.8,81,100,11.14,RU,1706643449
508,edd,13.9297,41.6925,77.47,87,96,11.03,ER,1706643449
509,midvagur,62.0511,-7.1939,45.43,87,100,14.97,FO,1706643450
510,borogontsy,62.6683,131.1683,-29.2,95,100,1.23,RU,1706643450
511,guarapari,-20.6667,-40.4975,85.89,92,100,9.04,BR,1706643185
512,mount isa,-20.7333,139.5,78.57,89,100,16.11,AU,1706643451
513,oranjemund,-28.55,16.4333,65.68,94,2,6.64,NA,1706643452
514,forster,-32.1667,152.5167,64.29,100,12,3.33,AU,1706643452
515,malango,-2.9627,119.9001,69.53,97,100,2.39,ID,1706643453
516,vila franca do campo,37.7167,-25.4333,61.21,91,29,5.08,PT,1706643454
517,st. paul,44.9444,-93.0933,40.64,76,100,10.36,US,1706643454
518,khark,29.2614,50.3306,67.95,59,2,7.99,IR,1706643455
519,montagu,-40.7667,144.9667,57.96,83,42,11.21,AU,1706643455
520,nar'yan-mar,67.6713,53.087,27.1,93,94,15.01,RU,1706643456
521,waingapu,-9.6567,120.2641,77.14,83,54,5.55,ID,1706643205
522,jwaneng,-24.6004,24.7303,76.64,46,98,3.49,BW,1706643457
523,walvis bay,-22.9575,14.5053,72.55,68,5,5.75,NA,1706643458
524,tolanaro,-25.0319,46.9987,77.07,78,40,13.8,MG,1706643458
525,nagqu,31.5,92.0,9.77,42,100,2.77,CN,1706643459
526,namibe,-15.1961,12.1522,75.56,79,63,3.31,AO,1706643459
527,kristiansund,63.1115,7.732,36.25,41,0,2.3,NO,1706643460
528,joshimath,30.5667,79.5667,37.22,50,1,6.49,IN,1706643460
529,valle de la pascua,9.2155,-66.0073,98.33,28,84,4.32,VE,1706643461
530,banjar,-8.19,114.9675,77.14,91,100,1.63,ID,1706643462
531,kukawa,12.9234,13.5606,69.91,40,2,8.68,NG,1706643462
532,fairbanks,64.8378,-147.7164,-16.64,67,75,0.0,US,1706643337
533,moanda,-1.5575,13.2178,75.43,81,91,2.66,GA,1706643464
534,sanctuary point,-35.1114,150.629,70.75,93,100,7.18,AU,1706643465
535,guerrero negro,27.9769,-114.0611,73.13,35,0,7.92,MX,1706643465
536,caucete,-31.6518,-68.2811,105.8,14,4,7.65,AR,1706643466
537,idri,27.5,13.2667,50.56,42,0,10.25,LY,1706643466
538,mayahi,13.9553,7.6712,70.68,16,9,11.25,NE,1706643467
539,coquimbo,-29.9533,-71.3436,65.93,82,75,10.36,CL,1706643468
540,mangrol,21.1167,70.1167,70.88,82,99,10.94,IN,1706643468
541,tomatlan,19.9333,-105.25,86.68,51,100,8.95,MX,1706643469
542,oruro,-17.9833,-67.15,64.89,45,40,12.66,BO,1706643469
543,slavgorod,52.9978,78.6449,-1.16,95,100,7.38,RU,1706643470
544,manismata,-2.4667,111.0333,74.37,99,100,1.41,ID,1706643470
545,saeby,57.3319,10.5225,45.97,97,100,11.05,DK,1706643471
546,ramadi,33.4226,43.3058,52.48,61,19,6.73,IQ,1706643434
547,tindouf,27.6711,-8.1474,68.45,19,0,5.75,DZ,1706643472
548,bereznik,62.8551,42.7072,27.86,90,27,7.38,RU,1706643472
549,kununurra,-15.7667,128.7333,75.18,94,69,4.61,AU,1706643473
550,castillos,-34.1667,-53.8333,77.59,46,1,10.42,UY,1706643473
551,fort st. john,56.2499,-120.8529,48.09,43,20,28.77,CA,1706643474
552,dalnegorsk,44.5604,135.5701,12.81,84,100,2.42,RU,1706643474
553,igarka,67.4667,86.5833,-7.58,83,76,16.37,RU,1706643474
554,meadow lakes,61.6247,-149.6011,3.09,85,100,0.0,US,1706643475
555,azemmour,33.2895,-8.3425,61.39,60,99,9.31,MA,1706643475
556,west bay,19.3667,-81.4167,77.07,50,40,12.66,KY,1706643476
557,tarko-sale,64.9225,77.785,-7.24,95,12,14.29,RU,1706643476
558,beira,-19.8436,34.8389,80.69,83,40,13.8,MZ,1706643477
559,satka,55.0425,59.04,13.41,96,100,4.29,RU,1706643477
560,callao,-12.0667,-77.15,82.69,65,20,11.5,PE,1706643478
561,gondar,12.6,37.4667,61.61,48,91,2.19,ET,1706643478
562,aquia harbour,38.4626,-77.3889,47.05,67,100,6.91,US,1706643314
563,xiaoshi,41.2971,124.1209,19.65,96,100,5.1,CN,1706643479
564,betio village,1.358,172.9211,82.44,74,95,12.06,KI,1706643480
565,lima,-12.0432,-77.0282,80.85,65,20,11.5,PE,1706643449
566,es castell,39.8795,4.2854,54.28,82,40,4.61,ES,1706643481
567,ust-tsilma,65.441,52.1498,29.61,93,85,8.99,RU,1706643481
568,las toscas,-28.3529,-59.258,98.47,25,0,5.55,AR,1706643481
569,samho-rodongjagu,39.9475,127.8711,26.62,77,27,5.3,KP,1706643482
570,los llanos de aridane,28.6585,-17.9182,66.13,43,0,8.01,ES,1706643482
571,huarmey,-10.0681,-78.1522,79.57,74,98,11.79,PE,1706643483
572,port macquarie,-31.4333,152.9167,66.88,89,19,2.73,AU,1706643438
573,machico,32.7,-16.7667,67.01,82,20,5.75,PT,1706643484
574,kangding,30.0513,101.9603,33.3,72,1,7.34,CN,1706643484
575,capitan bado,-23.2667,-55.5333,96.82,20,4,8.21,PY,1706643485
576,tosham,28.8833,75.9167,54.81,61,0,6.38,IN,1706643486
577,umm kaddadah,13.6017,26.6876,62.67,21,71,12.39,SD,1706643486
578,malvan,16.0667,73.4667,73.69,70,62,7.63,IN,1706643487
579,mogadishu,2.0371,45.3438,79.45,80,92,21.54,SO,1706643487
580,xuddur,4.1213,43.8894,81.99,39,20,13.15,SO,1706643488
581,waspan,14.7419,-83.9717,77.79,79,93,10.07,NI,1706643488
582,usinsk,65.9939,57.5281,18.07,96,100,8.99,RU,1706643489
583,kalabo,-14.97,22.6814,71.92,78,64,4.94,ZM,1706643489
584,ksar el boukhari,35.8889,2.7491,52.38,70,100,3.27,DZ,1706643490
585,matoury,4.8483,-52.3317,85.96,74,75,12.66,GF,1706643490
586,el bauga,18.262,33.9081,63.97,19,52,15.79,SD,1706643491
587,verkhnyaya sinyachikha,57.976,61.6673,19.83,95,100,7.78,RU,1706643491
